{
  "incumbent_ids": [
    14
  ],
  "rejected_config_ids": [
    2,
    3,
    4,
    5,
    6,
    1,
    8,
    9,
    10,
    11,
    12,
    13,
    7,
    15,
    16,
    17,
    18,
    19,
    20
  ],
  "incumbents_changed": 3,
  "trajectory": [
    {
      "config_ids": [
        1
      ],
      "costs": [
        0.25370287895202637
      ],
      "trial": 1,
      "walltime": 1092.3345429897308
    },
    {
      "config_ids": [
        7
      ],
      "costs": [
        0.2409212589263916
      ],
      "trial": 7,
      "walltime": 7742.516799926758
    },
    {
      "config_ids": [
        14
      ],
      "costs": [
        0.21492859721183777
      ],
      "trial": 14,
      "walltime": 17272.661900997162
    }
  ],
  "state": {
    "queue": [
      [
        20,
        1
      ]
    ]
  }
}